Product Information,Price(Ex VAT),More
A Teacher's Tale / 175 Years of Scotch Whisky,£25.00,More>>
A. De Fussigny - XO Cognac in Cigar Tube / 3cl / 43%,£6.08,More>>
A. De Fussigny - XO Cognac in Cigar Tubes / 3 x 3cl / 43%,£17.38,More>>
"A. De Fussigny Cognac Collection / Extra, XO, VSOP / 3 x 20cl / 40%",£69.56,More>>
A. de Fussigny Extra Cognac / 70cl / 40%,£86.96,More>>
A. de Fussigny XO for Men Cognac / 70cl / 40%,£86.96,More>>
A.E.Dor 1818 Cognac / 75cl / 40%,"£2,173.91",More>>
A.E.Dor No 5 / 1840 Vintage / 70cl / 34%,"£5,217.39",More>>
Aalborg Jubilaeums Akvavit / 70cl / 42%,£19.12,More>>
Aalborg Taffel Akvavit / 70cl / 45%,£16.95,More>>
ABA Pisco / 50cl / 40%,£12.60,More>>
Abbot's Choice / Figure of Abbot / 75cl / 40%,£104.35,More>>
Blended Scotch Whisky,,
Aberfeldy 12 Year old / 5cl / 40% / Distillery Bottling,£3.04,More>>
Single Highland Malt Scotch Whisky Miniature,,
Aberfeldy 12 Year old / 70cl / 40% / Distillery Bottling,£26.95,More>>
Single Highland Malt Scotch Whisky,,
Aberfeldy 1980 / 17 Year old / 70cl / 62% / Flora & Fauna,£204.35,More>>
Single Highland Malt Scotch Whisky,,
Aberfeldy 19 Year old / Manager's Dram / 75cl / 61.3% / Distillery Bottling,£260.00,More>>
Single Highland Malt Scotch Whisky,,
Aberfeldy 21 Year old / 70cl / 40% / Distillery Bottling,£76.08,More>>
Single Highland Malt Scotch Whisky,,
Aberlour 10 Year old / 70cl / 40% / Distillery Bottling,£20.43,More>>
Single Speyside Malt Scotch Whisky,,
Aberlour 10 Year old V.O.H.M / 70cl / 43% / Distillery Bottling,£173.04,More>>
Single Speyside Malt Scotch Whisky,,
Aberlour 15 Year old / Cuvee Marie d'Ecosse / 70cl / 43% / Distillery Bottling,£38.25,More>>
Single Speyside Malt Scotch Whisky,,
Aberlour 15 Year old / Double Cask Matured / 100cl / 40% / Distillery Bottling,£59.99,More>>
Single Speyside Malt Scotch Whisky,,
Aberlour 15 Year old / Sherry Wood / 70cl / 40% / Distillery Bottling,£24.34,More>>
Single Speyside Malt Scotch Whisky,,
Aberlour 16 Year old / Double Cask / 70cl / 43% / Distillery Bottling,£35.64,More>>
Single Speyside Malt Scotch Whisky,,
Aberlour 18 Year old / 70cl / 43% / Distillery Bottling,£43.04,More>>
Single Speyside Malt Scotch Whisky,,
Aberlour 1970 / 75cl / 43% / Distillery Bottling,£260.00,More>>
Single Speyside Malt Scotch Whisky,,
Aberlour 1990 / 100cl / 40% / Distillery Bottling,£39.12,More>>
Single Speyside Malt Scotch Whisky,,
Aberlour 5 Year old / Bot. 1980's / 70cl / 40% / Distillery Bottling,£43.47,More>>
Single Speyside Malt Scotch Whisky,,
Aberlour 8 Year old / Short Cap / Bot. 1980's / 75cl / 50% / Distillery Bottling,£173.04,More>>
Single Speyside Malt Scotch Whisky,,
Aberlour A'bunadh / 70cl / Cask Strength / Distillery Bottling,£30.43,More>>
Single Speyside Malt Scotch Whisky,,
Aberlour A'bunadh 12 Year old / Silver Label / 70cl / 58.7% / Distillery Bottling,£173.04,More>>
Single Speyside Malt Scotch Whisky,,
Aberlour-Glenlivet 1965 / 8 Year old / 75cl / 50% / Distillery Bottling,£173.04,More>>
Single Speyside Malt Scotch Whisky,,
Absolut Blue Vodka / 70cl / 40%,£12.17,More>>
Absolut Kurant Vodka / 70cl / 40%,£15.64,More>>
Absolut Mandarin Vodka / 70cl / 40%,£15.64,More>>
Absolut Masquerade / 70cl / 40%,£17.38,More>>
Absolut Pears / 70cl / 40%,£15.64,More>>
Absolut Pepper Vodka / 50cl / 40%,£10.86,More>>
Absolut Ruby Red / 100cl / 40%,£18.25,More>>
Agavero / Tequila Liqueur / 70cl / 32%,£17.82,More>>
Agwa Coca Leaf Liqueur / 70cl / 30%,£23.47,More>>
Aha Toro Anejo Tequila / 70cl / 40%,£36.95,More>>
Aha Toro Blanco Tequila / 70cl / 40%,£26.95,More>>
Aha Toro Reposado Tequila / 70cl / 40%,£30.43,More>>
Aivy / 70 cl / 37.5%,£15.64,More>>
Akvinta Vodka / 70cl / 40%,£21.73,More>>
Alfred Morton 1893 Cognac / 70cl / 40%,"£1,086.96",More>>
Alpestre / Bot. 1960's / 50cl / 49.5%,£43.47,More>>
Alpestre / Bot. 1960's / 20cl / 49.5%,£30.43,More>>
Alpestre / Bottled 1970's / 75cl / 49.5%,£43.47,More>>
Alt-A-Bhainne 1980 / 70cl / 60.5% / Cadenheads,£108.70,More>>
Single Speyside Malt Scotch Whisky,,
Aluminium Ice Scoop ( 12 oz ),£3.47,More>>
Amaretto Liqueur / Di Saronno / 70cl / 28%,£14.34,More>>
Amaro Liqueur / Averna / 70cl / 32%,£14.34,More>>
Amarula Fruit Cream Liqueur / 70cl / 17%,£10.43,More>>
Amate Anejo Tequila / 70cl / 40%,£36.08,More>>
Amate Reposado Tequila / 70cl / 40%,£30.43,More>>
Amer Picon Biere Liqueur Bitters / 100cl / 18%,£15.64,More>>
Amer Picon Club Liqueur Bitters / 100cl / 18%,£15.64,More>>
Amrut / Indian Single Malt / 5cl / 40%,£2.60,More>>
Indian Single Malt Whisky Miniature,,
Amrut Indian Single Malt / 70cl / 46%,£23.04,More>>
Indian Single Malt Whisky,,
An Cnoc 12 Year old / 70cl / 40% / Distillery Bottling,£21.30,More>>
Single Highland Malt Scotch Whisky,,
An Cnoc 16 Year old / 70cl / 46% / Distillery Bottling,£34.77,More>>
Single Highland Malt Scotch Whisky,,
An Cnoc 1975 / 30 Year old / 70cl / 50% / Distillery Bottling,£82.60,More>>
Single Highland Malt Scotch Whisky,,
An Cnoc 1994 / 70cl / 46% / Distillery Bottling,£25.64,More>>
Single Highland Malt Scotch Whisky,,
Ancient Age / 75cl / 40%,£14.77,More>>
Kentucky Straight Bourbon Whisky,,
Ancient Ancient Age 10 Star / 75cl / 45%,£15.21,More>>
Kentucky Straight Bourbon Whisky,,
Ancient Ancient Age 10 Year old / 75cl / 43%,£22.60,More>>
Kentucky Straight Bourbon Whiskey,,
Angostura / White Reserva Rum / 70cl / 37.5%,£14.34,More>>
Angostura 1824 Rum / 70cl / 40%,£32.17,More>>
Angostura 1919 Rum / 8 Year old / 70cl / 40%,£20.43,More>>
Angostura 5 yrs / Gold Rum / 70cl / 40%,£16.08,More>>
Angostura 7 Year old / Dark Rum / 70cl / 40%,£17.82,More>>
Antica Formula Carpano / 100cl / 16.5%,£21.73,More>>
Antiquary 12 Year old / 70cl / 40%,£21.73,More>>
Blended Scotch Whisky,,
Antiquary 1977 / 30 Year old / 70cl / 46%,£118.26,More>>
Blended Scotch Whisky,,
Antiquary 21 Year old / Decanter Bottle / 70cl / 43%,£43.90,More>>
Blended Scotch Whisky,,
Aperol Liqueur / 70cl / 11%,£9.99,More>>
Appenzeller / 70cl / 29%,£20.86,More>>
Appleton Estate Extra Rum 12 yo / 70cl / 43%,£23.90,More>>
Appleton Estate VX Rum / 70cl / 40%,£14.77,More>>
Appleton Reserve 8 Year old / 70cl / 43%,£18.25,More>>
Appleton Rum 21 Year old / 70cl / 43%,£111.30,More>>
Appleton Special Rum / 70cl / 40%,£11.73,More>>
Appleton White Rum / 70cl / 37.5%,£11.30,More>>
Ar1 - Elements of Islay / 50cl / 58.7% / Speciality Drinks Ltd,£34.77,More>>
Single Islay Malt Scotch Whisky,,
Ardbeg / A Peaty Provenance,£29.99,More>>
Author: Gavin Smith & Graeme Wallace,,
Ardbeg 10 Year old / 5cl / 46% / Distillery Bottling,£3.04,More>>
Single Islay Malt Scotch Whisky Miniature,,
Ardbeg 10 Year old / 70cl / 46% / Distillery Bottling,£27.82,More>>
Single Islay Malt Scotch Whisky,,
Ardbeg 10 Year old / 70cl / 40% / Distillery Bottling,£478.26,More>>
Single Islay Malt Scotch Whisky,,
Ardbeg 10 Year old / Bot. 1980's / 75cl / 40% / Distillery Bottling,£521.74,More>>
Single Islay Malt Scotch Whisky,,
Ardbeg 10 Year old / Bot. 1980's / 75cl / 40% / Distillery Bottling,£521.74,More>>
Single Islay Malt Scotch Whisky,,
Ardbeg 10 Year old 'MOR' / 450cl / 46% / Distillery Bottling,£221.74,More>>
Single Islay Malt Scotch Whisky,,
Ardbeg 17 Year old / 70cl / 40% / Distillery Bottling,£173.04,More>>
Single Islay Malt Scotch Whisky,,
Ardbeg 1967 / 28 Year old / Pale Sherry / 70cl / 53.7% / Signatory,£739.13,More>>
Single Islay Malt Scotch Whisky,,
Ardbeg 1967 / 30 Year old / 70cl / 52% / Signatory,£652.17,More>>
Single Islay Malt Scotch Whisky,,
Ardbeg 1967 / 30 Year old / Dark Sherry / 70cl / 49.8% / Signatory,£652.17,More>>
Single Islay Malt Scotch Whisky,,
Ardbeg 1967 / 30 Year old / Sherry Cask #1138 / 70cl / 52.2% / Signatory,£652.17,More>>
Single Speyside Malt Scotch Whisky,,
Ardbeg 1972 / Cask 868 / 70cl / 48.5% / Distillery Bottling,£607.83,More>>
Single Islay Malt Scotch Whisky,,
Ardbeg 1973 / 27 Year old / 70cl / 50% / Douglas Laing,£433.91,More>>
Single Islay Malt Scotch Whisky,,
Ardbeg 1974 / 70cl / 40% / Gordon & Macphail,£260.00,More>>
Single Islay Malt Scotch Whisky,,
Ardbeg 1974 / 70cl / 43% / Dun Eideann,£304.35,More>>
Single Islay Malt Scotch Whisky,,
Ardbeg 1974 / 22 Year old / 70cl / 40% / Independent Bottler,£204.35,More>>
Single Islay Malt Scotch Whisky,,
Ardbeg 1974 / Bot. 1997 / 70cl / 40% / Gordon & Macphail,£260.00,More>>
Single Islay Malt Scotch Whisky,,
Ardbeg 1974 / Cask 2743 / 70cl / 51.7% / Distillery Bottling,£652.17,More>>
Single Islay Malt Scotch Whisky,,
Ardbeg 1974 / Cask 2752 / 70cl / 52.1% / Distillery Bottling,£607.83,More>>
Single Islay Malt Scotch Whisky,,
Ardbeg 1974 / Cask 3327 / 70 cl / 54.1% / Distillery Bottling,£739.13,More>>
Single Islay Malt Scotch Whisky,,
Ardbeg 1974 / Double Barrel / 2x70cl / 50% / Distillery Bottling,"£8,694.78",More>>
Single Islay Malt Scotch Whisky,,
Ardbeg 1974 Provenance / Asian Bottling / 75 cl / 55% / Distillery Bottling,£869.57,More>>
Single Islay Malt Scotch Whisky,,
Ardbeg 1975 / 30 Year old / 70cl / 46.1% / Douglas Laing,£304.35,More>>
Single Islay Malt Scotch Whisky,,
Ardbeg 1975 / Cask 4719 / Fino Sherry Cask / 70cl / 44.7% / Distillery Bottling,£739.13,More>>
Single Islay Malt Scotch Whisky,,
Ardbeg 1975 / Map Label / 75cl / 40% / Gordon & Macphail,£204.35,More>>
Single Islay Malt Scotch Whisky,,
Ardbeg 1976 / Bot. 2004 / 70cl / 43% / Gordon & Macphail,£130.44,More>>
Single Islay Malt Scotch Whisky,,
Ardbeg 1978 / Bot. 2005 / 70cl / 43% / Gordon & Macphail,£120.87,More>>
Single Islay Malt Scotch Whisky,,
Ardbeg 1979 / Bot. 2005 / 70cl / 43% / Gordon & Macphail,£130.44,More>>
Single Islay Malt Scotch Whisky,,
Ardbeg 1990 / Airigh Nam Beist / 70cl / 46% / Distillery Bottling,£43.04,More>>
Single Islay Malt Scotch Whisky,,
Ardbeg 1991 / 70cl / 43% / Gordon & Macphail,£28.69,More>>
Single Islay Malt Scotch Whisky,,
Ardbeg 1991 / 14 Year old / 70cl / 50% / Douglas Laing,£52.17,More>>
Single Islay Malt Scotch Whisky,,
Ardbeg 1991 / 15 Year old / Cask #2681 / 70cl / 50% / Douglas Laing,£58.25,More>>
Single Islay Malt Scotch Whisky,,
Ardbeg 1991 / 16 Year old / Rum Cask #3719 / 70cl / 50% / Douglas Laing,£68.69,More>>
Single Islay Malt Scotch Whisky,,
Ardbeg 1991 / 16 Year old / Rum Cask #3893 / 70cl / 50% / Douglas Laing,£72.17,More>>
Single Islay Malt Scotch Whisky,,
Ardbeg 1991 / 17 Year old / Cask# 4537 / 70cl / 50% / Douglas Laing,£77.82,More>>
Single Islay Malt Scotch Whisky,,
Ardbeg 1991 / 17 Year old / Rum Cask / 70cl / 50% / Douglas Laing,£78.26,More>>
Single Islay Malt Scotch Whisky,,
Ardbeg 1991 / 8 Year old / Casks# 617 - 620 / 70cl / 43% / Signatory,£60.86,More>>
Single Islay Malt Scotch Whisky,,
Ardbeg 1993 / 10 Year old / Sarzi Amade (Italy) / 70cl / 50% / Douglas Laing,£43.47,More>>
Single Islay Malt Scotch Whisky,,
Ardbeg 1995 / 10 Year old / 70cl / 50% / Douglas Laing,£42.17,More>>
Single Islay Malt Scotch Whisky,,
Ardbeg 1997 'Very Young' For Discussion / 70cl / 58.9% / Distillery Bottling,£260.00,More>>
Single Islay Malt Scotch Whisky,,
Ardbeg 1998 - Still Young / 70cl / 56.2% / Distillery Bottling,£39.12,More>>
Single Islay Malt Scotch Whisky,,
Ardbeg 1998 / Renaissance / 70cl / 55.9% / Distillery Bottling,£36.51,More>>
Single Islay Malt Scotch Whisky,,
Ardbeg 1998 / Very Young / 70cl / 58.3% / Distillery Bottling,£173.04,More>>
Single Islay Malt Scotch Whisky,,
Ardbeg 30 Year old / 70cl / 40% / Distillery Bottling,£391.30,More>>
Single Islay Malt Scotch Whisky,,
Ardbeg 30 Year old (Wooden Box) / 70cl / 40% / Distillery Bottling,£433.91,More>>
Single Islay Malt Scotch Whisky,,
Ardbeg Blasda / 70cl / 40%,£38.25,More>>
Single Islay Malt Scotch Whisky,,
Ardbeg Uigeadail / 70cl / 54.2% / Distillery Bottling,£37.82,More>>
Single Islay Malt Scotch Whisky,,
Ardmore - Traditional Cask / 70cl / 46% / Distillery Bottling,£23.47,More>>
Single Speyside Malt Scotch Whisky,,
Ardmore 1977 / 30 Year old / Cask #3514 / 70cl / 50% / Douglas Laing,£69.99,More>>
Single Speyside Malt Scotch Whisky,,
Ardmore 1991 / 70cl / 57.9% / Gordon & Macphail,£48.25,More>>
Single Speyside Malt Scotch Whisky,,
Ardmore 1994 / 12 Year old / 70cl / 58.6% / Speciality Drinks Ltd,£34.77,More>>
Single Speyside Malt Scotch Whisky,,
Ardmore 1994 / 13 Year old / Cask Ref #65 / 70cl / 56.8% / Speciality Drinks Ltd,£39.12,More>>
Single Speyside Malt Scotch Whisky,,
Ardmore Centenary 21 Year old / 70cl / 43% / Distillery Bottling,£239.13,More>>
Single Speyside Malt Scotch Whisky,,
Arette Anejo Tequila / 75cl / 38%,£27.82,More>>
Arette Blanco Suave / 70cl / 38%,£35.21,More>>
Arette Blanco Tequila / 70cl / 38%,£18.25,More>>
Arette Gran Clase Extra Anejo Tequila / 70cl / 38%,£143.48,More>>
Arette Reposado Suave Tequila / 70cl / 38%,£43.90,More>>
Arette Reposado Tequila / 70cl / 38%,£22.17,More>>
Arette Unique Tequila / 35cl / 40%,£100.00,More>>
Arquebuse Liqueur / 1960's / 100cl / 45%,£60.86,More>>
Arran 100 Proof / 70cl / 57% / Distillery Bottling,£29.56,More>>
Single Island Malt Scotch Whisky,,
Arran 10 Year old / 70cl / 46% / Distillery Bottling,£23.90,More>>
Single Island Malt Scotch Whisky,,
Arran 10 Year old Malt / 5cl / 46% / Distillery Bottling,£3.04,More>>
Single Island Malt Scotch Whisky Miniature,,
Arran 12 Year old / 70cl / 46% / Distillery Bottling,£26.51,More>>
Single Island Malt Scotch Whisky,,
Arran 1995 First / 70cl / 46% / Distillery Bottling,£39.12,More>>
Single Island Malt Scotch Whisky,,
Arran 1996 / 12 Year old / 70cl / 57.4% / Speciality Drinks Ltd,£36.95,More>>
Single Island Malt Scotch Whisky,,
Arran 1996 / Bot. 2005 / 70cl / 46% / Distillery Bottling,£27.82,More>>
Single Island Malt Scotch Whisky,,
Arran 1998 / 10 Year old / 250th Anniversary Robert Burns / 70cl / 43% / Distillery Bottling,£39.56,More>>
Single Island Malt Scotch Whisky,,
Arran 1998 / Sherry Cask / 70cl / 55% / Distillery Bottling,£37.38,More>>
Single Island Malt Scotch Whisky,,
Arran 1998 Bourbon Cask #671 / 70cl / 58% / Distillery Bottling,£37.38,More>>
Single Island Malt Scotch Whisky,,
Arran Bordeaux Wine Cask Finish / 70cl / 59.7% / Distillery Bottling,£40.43,More>>
Single Island Malt Scotch Whisky,,
Arran Chianti Wine Cask / 70cl / 55% / Distillery Bottling,£34.77,More>>
Single Island Malt Scotch Whisky,,
Arran Fontalloro Wine Cask / 70cl / 55% / Distillery Bottling,£34.77,More>>
Single Islay Malt Scotch Whisky,,
Arran Gold Liqueur / 70cl / 17%,£13.03,More>>
Arran Marsala Cask Finish / 70cl / 56.8% / Distillery Bottling,£40.43,More>>
Single Island Malt Scotch Whisky,,
Arran Premier Cru Bourgogne Cask Finish / 70cl / 56.5% / Distillery Bottling,£34.77,More>>
Single Island Malt Scotch Whisky,,
Arran Rum Cask Finish / 70cl / 57.6% / Distillery Bottling,£34.77,More>>
Single Island Malt Scotch Whisky,,
Arran St Emilion Wine Cask / 70cl / 50% / Distillery Bottling,£34.77,More>>
Single Islay Malt Scotch Whisky,,
Arran Tokaji Aszu Wine Cask / 70cl / 55% / Distillery Bottling,£34.77,More>>
Single Islay Malt Scotch Whisky,,
Arrow / Creme de Cacao / Bot. 1940's / 75cl / 30%,£108.70,More>>
Artigues 1900 Armagnac / 50cl,£433.91,More>>
Asbach Brandy / 70cl / 38%,£15.64,More>>
Atholl Brose / 70cl / 35%,£22.60,More>>
Auchentoshan 12 Year old / 70cl / 40% / Distillery Bottling,£23.04,More>>
Single Lowland Malt Scotch Whisky,,
Auchentoshan 12 Year old / 75.7cl / 40% / Distillery Bottling,£217.39,More>>
Single Lowland Malt Scotch Whisky,,
Auchentoshan 12 Year old / Bot. 1980's / 75cl / 40% / Distillery Bottling,£104.35,More>>
Single Lowland Malt Scotch Whisky,,
Auchentoshan 16 Year old / Bourbon Cask / 70cl / 53.7%,£58.25,More>>
Single Lowland Malt Scotch Whisky,,
Auchentoshan 17 Year old / Bordeaux Wine Finish / 70cl / 51% / Distillery Bottling,£51.73,More>>
Single Lowland Malt Scotch Whisky,,
Auchentoshan 18 Year old / 70cl / 43% / Distillery Bottling,£44.34,More>>
Single Lowland Malt Scotch Whisky,,
Auchentoshan 18 Year old / Oloroso Sherry / 70cl / 55.8% / Distillery Bottling,£58.25,More>>
Single Lowland Malt Scotch Whisky,,
Auchentoshan 1957 / 50 Year old / Sherry Cask / 70cl / 49.1% / Distillery Bottling,"£2,130.44",More>>
Single Lowland Malt Scotch Whisky,,
Auchentoshan 1965 / 31 Year old / 70cl / 45.2% / Distillery Bottling,£391.30,More>>
Single Lowland Malt Scotch Whisky,,
Auchentoshan 1965 / 31 Year old / 70cl / 45.6% / Distillery Bottling,£391.30,More>>
Single Lowland Malt Scotch Whisky,,
Auchentoshan 1973 / 32 Year old / Sherry Cask / 70cl / 55.5% / Distillery Bottling,£391.30,More>>
Single Lowland Malt Scotch Whisky,,
Auchentoshan 1981 / 70cl / 46% / First Cask,£60.86,More>>
Single Lowland Malt Scotch Whisky,,
Auchentoshan 1984 / 24 Year old / 70cl / 58.4% / Signatory,£69.56,More>>
Single Lowland Malt Scotch Whisky,,
Auchentoshan 1987 / 17 Year old / Sherry / 70cl / 61.5% / Distillery Bottling,£68.69,More>>
Single Lowland Malt Scotch Whisky,,
Auchentoshan 1993 / 16 Year old / 70cl / 46% / Alchemist,£36.51,More>>
Single Lowland Malt Scotch Whisky,,
Auchentoshan 21 Year old / 70cl / 43% / Distillery Bottling,£72.17,More>>
Single Lowland Malt Scotch Whisky,,
Auchentoshan Classic / Bourbon Oak Cask / 70cl / 40% / Distillery Bottling,£19.12,More>>
Single Lowland Malt Scotch Whisky,,
Auchentoshan Select / 5cl / 40% / Distillery Bottling,£3.47,More>>
Single Lowland Malt Scotch Whisky Miniature,,
Auchentoshan Three Wood / 5cl / 43% / Distillery Bottling,£4.34,More>>
Single Lowland Malt Scotch Whisky Miniature,,
Auchentoshan Three Wood / 70cl / 43% / Distillery Bottling,£30.86,More>>
Single Lowland Malt Scotch Whisky,,
Auchroisk 10 Year old / 70cl / 43% / Flora & Fauna,£29.99,More>>
Single Speyside Malt Scotch Whisky,,
Auchroisk 1993 / 12 Year old / 70cl / 43% / Gordon & Macphail,£24.77,More>>
Single Speyside Malt Scotch Whisky,,
Aultmore 12 Year old / 70cl / 40% / Distillery Bottling,£30.43,More>>
Single Speyside Malt Scotch Whisky,,
Aultmore 12 Year old / Bot. 1970's / 75cl / 40% / Distillery Bottling,£260.00,More>>
Single Speyside Malt Scotch Whisky,,
Aultmore 12 Year old / Bot. 1980's / 75cl / 43% / Distillery Bottling,£173.04,More>>
Single Speyside Malt Scotch Whisky,,
Aultmore 12 Year old / Colourful Label / 75cl / 40% / Distillery Bottling,£173.04,More>>
Single Speyside Malt Scotch Whisky,,
Aultmore 16 Year old / Centenary / 70cl / 63% / Distillery Bottling,£739.13,More>>
Single Speyside Malt Scotch Whisky,,
Aultmore 1983 / 70cl / 58.8% / Flora & Fauna,£204.35,More>>
Single Speyside Malt Scotch Whisky,,
Aultmore 1992 / 15 Year old / 70cl / 46% / Speciality Drinks Ltd,£30.43,More>>
Single Speyside Malt Scotch Whisky,,
Ava Tahiti Moorea Ananas Liqueur / 70cl / 25%,£17.38,More>>
Ava Tahiti Moorea Coco / 70cl / 20%,£16.51,More>>
Aviation Gin / 75cl / 42%,£24.77,More>>
Ayrshire 1970 / 70cl / 40% / Gordon & Macphail,£173.04,More>>
Single Lowland Malt Scotch Whisky,,
